user_id,user_name,email,phone_no
1,Morgan Murphy,jenningsdavid@example.net,8875542536
2,Mary Roberson,kwright@example.net,7465293977
3,Michael Rodriguez,cwalsh@example.net,7374236383
4,Ethan Daniels,cgray@example.com,6860731369
5,Daniel Farmer,wroberts@example.com,8640213217
6,Sarah Warner,gravesronald@example.org,8646487968
7,Aaron Zuniga,paullee@example.net,8715876127
8,Crystal Adams,adavis@example.net,7511684225
9,Jeremy Collins,michael01@example.com,7099351240
10,Shirley Reid,renee14@example.net,7726223626
11,Robert Newman,ynelson@example.com,8816708130
12,Kevin Thompson,jonesemily@example.com,8920721483
13,Carol Chavez,barbara87@example.net,8326488769
14,Evan Walls,michael79@example.net,7594288130
15,Karen Yates,jordanwanda@example.org,7948121586
16,Mark Stevenson,michelle23@example.net,6209498958
17,Kyle Cook,reynoldsthomas@example.org,6742334856
18,Ashley Stewart,vwagner@example.net,6380156853
19,Lucas Schmidt,johnathan31@example.net,7590245225
20,Jason Harris,aguilaradam@example.com,7235638807
21,Tyler Hobbs,waustin@example.org,9486640487
22,Ronald Castro,scott50@example.org,8391323811
23,Brittney Evans,scottshelton@example.net,7522601486
24,Marcus White,heather76@example.net,6871354121
25,Carla Trujillo,mrice@example.net,6013422168
26,Jason Johnson,whitecory@example.org,8477796379
27,Suzanne Joseph,dominguezmichelle@example.org,9435400951
28,Janet Martinez,misty30@example.net,7748955897
29,Krystal Hancock,ismall@example.org,8321010349
30,Jonathan Bradshaw,rowlandstephanie@example.net,8288463383
31,Ms. Angela Simmons,rubiomary@example.net,8178995134
32,Curtis Osborne,christopher49@example.org,9215753778
33,Donna Hicks,odouglas@example.org,9955163545
34,Audrey Ayala,ycaldwell@example.net,6432240579
35,Carol Mason,victoriabarton@example.org,9792801333
36,Raymond Morrison,patricia01@example.net,6445290233
37,Barbara Williams,christopher60@example.net,7276604552
38,Sarah Davis,craigwilliams@example.org,7603695092
39,Mr. Jason Turner,cynthiakelly@example.net,7880785943
40,Anthony Reeves,karina79@example.com,7042144556
41,Dana Henderson,ysmith@example.org,7368373635
42,Mark Edwards,ubanks@example.org,6531625706
43,Crystal Shepherd,ballstephanie@example.net,7663025137
44,Brian Owens,fernandezjennifer@example.net,6751452403
45,Mary Perry,christophercastro@example.org,7842807047
46,Nicole Allen,uschaefer@example.com,6252037304
47,Shannon Brady,scotttucker@example.org,7992248142
48,Jonathon Johnson,dcunningham@example.com,9221946638
49,Brent Flores,bakerjoseph@example.com,7421720227
50,Matthew Haynes,kenneth26@example.com,8624778234
51,Darlene Young,samantha96@example.com,9431650236
52,Matthew Soto,lperez@example.net,9057855219
53,Matthew Williams,sabrinajohnson@example.org,9614660261
54,David Mitchell,cindy74@example.org,9949796079
55,Emily Jones,lsloan@example.com,7799495706
56,Mark Craig,faith81@example.net,8109942630
57,Allen Choi,mcunningham@example.net,9489324379
58,Anthony Oneill,morrisvalerie@example.org,9336364347
59,Benjamin Frazier,shari09@example.org,9693720615
60,Casey Lindsey,dharris@example.com,9422472159
61,Maria Smith,katherine92@example.org,8764991028
62,Taylor Smith,stewartleon@example.net,9484656370
63,Corey Lawrence,theodore19@example.com,6331720340
64,Sarah Brown,murrayanna@example.net,8818193154
65,Jacob Baker,kelsey84@example.org,8230521232
66,John Mccoy,williambarber@example.org,7689021737
67,Scott Moon,kennethcraig@example.net,8418461298
68,Phillip Martinez,lopezcharles@example.net,9013258009
69,Daniel Kramer,npope@example.com,8561263542
70,Bradley Bush,john14@example.org,7395051842
71,Olivia Turner,yorksamantha@example.com,6910808129
72,Raymond Banks,dkeller@example.com,7803111142
73,Aaron Anderson,grivas@example.com,7226928619
74,James Robertson,elee@example.net,9306467034
75,Kara Frye,stephanienovak@example.org,9937759407
76,Michael Rogers,fwhitney@example.org,7782268838
77,Christopher Campbell,sbradley@example.com,9974265639
78,Michelle Hamilton,robertwilson@example.org,8088939385
79,Cody Carroll,tamararivera@example.net,7872057664
80,Kevin Walter,kpacheco@example.com,6344435037
81,Brian Harris,justinyork@example.org,6820799881
82,Rebecca Martinez,debbie26@example.net,9764910278
83,Amanda Fox,matthewsjerry@example.org,8138259832
84,Matthew Collier,thickman@example.net,9608284550
85,Justin Williams,johnclark@example.com,9222370597
86,Sean Pearson,johnsonchristine@example.net,7897948324
87,Troy Suarez,jonesjoseph@example.com,9595569153
88,Allison Campbell,agray@example.org,9698131945
89,James Miller,skim@example.com,6994884982
90,Antonio Edwards,stevensjennifer@example.org,9737067474
91,Mr. Kenneth Henderson Jr.,bradleydarren@example.com,7175432114
92,Renee Hunter,cobbchristina@example.com,6726449896
93,Mark Green,scottparker@example.com,7659179920
94,Matthew Nelson,linda50@example.com,7459211524
95,Melissa Kline MD,linda19@example.com,9305416581
96,Carlos Jimenez,kadams@example.net,7459175666
97,Dawn Davis,peggyterry@example.com,8340410975
98,Daniel Fuller,howelljacqueline@example.net,6584130576
99,Eric Baldwin,jacksonjack@example.com,9828130018
100,Susan Reyes,dmatthews@example.org,9596806522
101,Christopher Mcguire,jill23@example.org,7087058714
102,Yvette Norris,rodrigueztammy@example.net,8212716623
103,Meredith Greene,rodriguezkaren@example.org,6168386443
104,Maria Owens,ruizalyssa@example.com,7685548956
105,Deborah Love,pwilkins@example.com,6009716972
106,Charles Anderson,susanmitchell@example.net,7838978367
107,Bruce Fowler,xmartinez@example.org,6715784266
108,Julie Black,alan30@example.com,8678938480
109,Michelle Collins,emilywilson@example.net,9647064679
110,Stephanie Luna,amber52@example.org,8787075090
111,Michael Lopez,rhoward@example.net,8617009662
112,Autumn Kim,michael21@example.com,7890784263
113,Garrett Johnson,andersonroberto@example.org,9894449322
114,Robert Bennett,cmurray@example.com,6433965025
115,Mike King,klinejessica@example.com,7099488644
116,Teresa Tyler,afowler@example.net,7971581392
117,Bridget Conner,eric20@example.com,8892763978
118,Elizabeth Velez,stevenburgess@example.net,9103215758
119,Jodi Cisneros,sarah65@example.com,9817013617
120,Daniel Scott,jharris@example.org,6166626267
121,Alexander Bonilla,rebeccachase@example.com,7342018932
122,Benjamin Farmer,josehernandez@example.com,8454306072
123,Lee Boyd,justinramirez@example.org,9966242859
124,Megan Davidson,kriley@example.com,8971213886
125,Tracey Stevenson,gary95@example.com,7070513418
126,Lisa Reese,scott66@example.com,8879816476
127,Shawna Johnson,haleyrhonda@example.com,6452938417
128,Linda Sanchez,tracybrown@example.com,7518526160
129,Danny Rodriguez,pthomas@example.com,6422843607
130,Amanda Smith,danielle49@example.com,8279300493
131,Christopher Barker,dennissteven@example.net,6011826767
132,George Rowe IV,uevans@example.net,6737093373
133,Jeremy Thomas,coxapril@example.com,8568957372
134,Michael Gilbert,david27@example.net,9744102730
135,Michael Jackson,yreynolds@example.org,7613894242
136,Sherri Vaughn,carriesanchez@example.net,6106072943
137,Michelle Harris,pamela72@example.com,8456226222
138,Jacob Lewis,xschwartz@example.com,7220759059
139,Danielle Roberts,brownandrew@example.com,8254011061
140,Patricia Miller,baldwinbrian@example.org,7990481996
141,Timothy Rogers,karenburke@example.org,8083219366
142,Victoria Lang,kimberlylyons@example.org,8353644583
143,Jennifer Burnett,brett55@example.org,6507218356
144,Steven Lee,richard67@example.net,8789637056
145,Cody Turner,nbuchanan@example.org,7655445707
146,Rachel Martinez,ymorales@example.org,8912196096
147,David Wright,allendan@example.org,7108461479
148,Carolyn Sherman,mollyjuarez@example.net,9151511172
149,Kimberly Hernandez,christiankennedy@example.org,9140746456
150,Jessica Ramos,stephanie05@example.com,7955263051
151,David Clark,vthompson@example.net,6465787963
152,Patricia Mclaughlin,paynealbert@example.net,7632195041
153,Kristen Brown,hunter79@example.com,6760326786
154,Melanie Garcia,whitejeffrey@example.org,6103817056
155,Christopher Barnes,hlambert@example.org,9430559229
156,Michael David,sherrifox@example.net,7917835286
157,Derek Rodriguez,audreywilliams@example.net,9353984435
158,Shawn Robinson,johncisneros@example.org,9088614061
159,Gregory Galloway,debrarandolph@example.net,7684990168
160,Brandi Griffith,coffeyjoseph@example.org,6760578519
161,Stephanie Flores,garciavicki@example.org,7710910298
162,Sean Johnson,barbara51@example.org,9526540062
163,Robert Solomon,tonymartinez@example.net,8493712501
164,Jeffrey Gordon,elivingston@example.net,6846377642
165,Matthew Green,brewerstephen@example.net,7818912732
166,Kristen Lyons,joseph60@example.org,7361368667
167,Vickie Chan,romerowilliam@example.org,8860162682
168,Kelsey Stanley,hatfieldlaura@example.com,7030891418
169,Shannon Baker,pagesamantha@example.net,7744937221
170,Tiffany West,michaelclark@example.org,7428863693
171,Christopher Jones,ambergolden@example.org,6836471022
172,Richard Beasley,huffmadison@example.com,7303663462
173,John Romero,cardenasmark@example.org,6449454869
174,David Frazier,vanessapierce@example.org,9857464170
175,Melissa May,cindygarcia@example.org,7549118030
176,Elizabeth Kennedy,william94@example.com,8052068674
177,Carly Snyder,thomas70@example.net,9071885952
178,Brianna Wise,pprice@example.net,9143122205
179,Scott Lee,heather02@example.net,8853385235
180,Alexis Miller,dcollins@example.com,9385852934
181,Elizabeth Kennedy,bakermelissa@example.com,6459848797
182,John Ray,melindaanderson@example.com,9520534864
183,Kathryn Kirby,camachoalexis@example.net,6464205147
184,Alison Mcknight,jfisher@example.net,7395822851
185,Christina Sanford,robert73@example.net,6130544379
186,Mandy Wilson,harrisroger@example.org,7729732608
187,Rebecca Alexander,micheal25@example.net,6049539580
188,Juan Paul,vcooper@example.net,8726315771
189,Kristine Turner,harrelljohnny@example.org,6934988890
190,Vanessa Taylor,joyceoconnell@example.net,7246760127
191,James Evans,idaugherty@example.net,7470014091
192,David Cooper,brandykelly@example.com,6511916833
193,Mrs. Ariana Ball DVM,eparker@example.org,9184939985
194,Sheila Miller,nnavarro@example.net,6036247848
195,Miss Linda Chapman DDS,mdavis@example.org,7973112118
196,Eric Morris,csmith@example.net,8249697595
197,Tina Lee,morganwheeler@example.org,7748821534
198,Kurt Potter,judyreyes@example.net,8817809386
199,Laura Dickerson,flucas@example.org,9409914653
200,Charles Reid,urodriguez@example.org,6581913607
