user_id,user_name,user_email,user_phone_number,created_at,tenant_id,user_address
USR-00001,Allison Kelly,phillipschristopher@example.com,8536222106,2026-05-08 19:03:02,TNT-0103,"{""street"": ""982 Michael Ranch Suite 733"", ""city"": ""Munozstad"", ""state"": ""MO"", ""zipcode"": ""57286""}"
USR-00002,Joshua Carrillo,ppowell@example.org,8373341485,2026-05-09 14:03:02,TNT-0163,"{""street"": ""480 Sharon View Apt. 119"", ""city"": ""Cannonberg"", ""state"": ""TN"", ""zipcode"": ""49327""}"
USR-00003,David Thompson,kimberly34@example.net,8356847579,2026-06-01 03:03:02,TNT-0184,"{""street"": ""2145 Miguel Highway"", ""city"": ""East Sara"", ""state"": ""VI"", ""zipcode"": ""82493""}"
USR-00004,Raven Hull,moorecheryl@example.net,9623912699,2026-06-04 03:03:02,TNT-0030,"{""street"": ""61572 Vanessa Loaf Apt. 157"", ""city"": ""Melissabury"", ""state"": ""GA"", ""zipcode"": ""53946""}"
USR-00005,Janice Frey,rachel82@example.org,9977089323,2026-05-15 16:03:02,TNT-0024,"{""street"": ""9189 Fisher Vista Apt. 881"", ""city"": ""Ashleyland"", ""state"": ""NH"", ""zipcode"": ""43346""}"
USR-00006,Nicole Walton,reginaldwilliams@example.com,9037991368,2026-05-06 18:03:02,TNT-0013,"{""street"": ""208 Michael Rapids Suite 289"", ""city"": ""Emilyfort"", ""state"": ""PA"", ""zipcode"": ""52087""}"
USR-00007,Douglas Contreras,fcarter@example.org,7146640308,2026-06-03 20:03:02,TNT-0064,"{""street"": ""2723 David Way Apt. 731"", ""city"": ""Guyville"", ""state"": ""OR"", ""zipcode"": ""47629""}"
USR-00008,Kenneth Jimenez,nmiller@example.net,8848183482,2026-06-01 13:03:02,TNT-0122,"{""street"": ""89335 Bobby Passage Suite 840"", ""city"": ""New William"", ""state"": ""NM"", ""zipcode"": ""51426""}"
USR-00009,Jennifer Cruz,robertsdenise@example.org,7683839117,2026-05-30 19:03:02,TNT-0017,"{""street"": ""99104 Kenneth Keys Apt. 455"", ""city"": ""South Brian"", ""state"": ""CO"", ""zipcode"": ""88910""}"
USR-00010,Hannah Norton,frussell@example.com,6024178547,2026-05-13 19:03:02,TNT-0196,"{""street"": ""1866 Quinn Coves"", ""city"": ""Port Margaretchester"", ""state"": ""WY"", ""zipcode"": ""26731""}"
USR-00011,Tara Webb,cunninghamchristopher@example.org,8846624430,2026-05-17 07:03:02,TNT-0058,"{""street"": ""045 Copeland Trafficway Apt. 847"", ""city"": ""North Cody"", ""state"": ""NM"", ""zipcode"": ""26058""}"
USR-00012,Joan Bryant,tonya98@example.net,8177381509,2026-05-26 17:03:02,TNT-0112,"{""street"": ""545 Archer Trace"", ""city"": ""West Regina"", ""state"": ""ID"", ""zipcode"": ""24551""}"
USR-00013,Matthew Hubbard,cisnerosjoan@example.org,6468696025,2026-05-29 14:03:02,TNT-0015,"{""street"": ""36932 Ricardo Manor Suite 023"", ""city"": ""Laurenmouth"", ""state"": ""KY"", ""zipcode"": ""81600""}"
USR-00014,Michelle Sanchez,krista52@example.com,8290590954,2026-05-08 03:03:02,TNT-0173,"{""street"": ""911 Saunders Parkway"", ""city"": ""Gloverbury"", ""state"": ""CT"", ""zipcode"": ""02902""}"
USR-00015,Jimmy Brown,paula54@example.com,8657970923,2026-05-18 13:03:02,TNT-0095,"{""street"": ""822 Combs Overpass"", ""city"": ""Nicoleton"", ""state"": ""MA"", ""zipcode"": ""35507""}"
USR-00016,Matthew Hancock,gravesamanda@example.net,6240019032,2026-05-24 22:03:02,TNT-0182,"{""street"": ""530 Johnson Junction Suite 736"", ""city"": ""West Brandon"", ""state"": ""TX"", ""zipcode"": ""47361""}"
USR-00017,Ms. Barbara Pope,belinda25@example.net,8727808338,2026-05-24 11:03:02,TNT-0057,"{""street"": ""924 Dennis Pike Suite 478"", ""city"": ""Dawsonside"", ""state"": ""LA"", ""zipcode"": ""56656""}"
USR-00018,Robert Johnson DVM,jennifersullivan@example.com,7201865293,2026-05-12 09:03:02,TNT-0075,"{""street"": ""499 Shannon Light"", ""city"": ""Port Elaineland"", ""state"": ""OR"", ""zipcode"": ""83078""}"
USR-00019,James Jones,rmack@example.org,7731422104,2026-05-08 01:03:02,TNT-0117,"{""street"": ""09064 Teresa Divide Apt. 630"", ""city"": ""Natashahaven"", ""state"": ""MI"", ""zipcode"": ""39124""}"
USR-00020,Eric Walter,thickman@example.org,8151099695,2026-05-26 20:03:02,TNT-0197,"{""street"": ""2840 Cruz Vista"", ""city"": ""Chavezfurt"", ""state"": ""PR"", ""zipcode"": ""50300""}"
USR-00021,Lisa Guerra,soconnell@example.org,7903599453,2026-05-11 06:03:02,TNT-0164,"{""street"": ""413 Flores Shore Suite 009"", ""city"": ""North Jeremy"", ""state"": ""AL"", ""zipcode"": ""10773""}"
USR-00022,Daniel Jenkins,jordanwallace@example.com,7562812247,2026-05-16 01:03:02,TNT-0185,"{""street"": ""31454 Daniel Land Suite 537"", ""city"": ""Guerreroview"", ""state"": ""CO"", ""zipcode"": ""03584""}"
USR-00023,John White,jonathanruiz@example.com,7657603129,2026-05-21 23:03:02,TNT-0129,"{""street"": ""241 Edwards Pass Suite 828"", ""city"": ""Johnbury"", ""state"": ""FL"", ""zipcode"": ""75723""}"
USR-00024,Claudia Nicholson,thomasmichael@example.net,7138451004,2026-05-13 19:03:02,TNT-0108,"{""street"": ""30226 Hicks Oval"", ""city"": ""Port Kimberly"", ""state"": ""NE"", ""zipcode"": ""51220""}"
USR-00025,Steven Baker,megandiaz@example.org,6909684077,2026-05-19 23:03:02,TNT-0138,"{""street"": ""104 Lori Dale Apt. 286"", ""city"": ""New Seth"", ""state"": ""NV"", ""zipcode"": ""80928""}"
USR-00026,Douglas Gonzales,jacobspatricia@example.net,7376366773,2026-05-23 02:03:02,TNT-0019,"{""street"": ""999 Cindy Brooks"", ""city"": ""Lake Anthony"", ""state"": ""WY"", ""zipcode"": ""38752""}"
USR-00027,Traci Estrada,lramsey@example.com,9106311737,2026-05-09 08:03:02,TNT-0199,"{""street"": ""0825 John Ramp Suite 287"", ""city"": ""East Clairechester"", ""state"": ""FM"", ""zipcode"": ""45864""}"
USR-00028,Tracey Freeman,angeladavis@example.org,9242117621,2026-06-04 19:03:02,TNT-0059,"{""street"": ""40946 Mills Ramp"", ""city"": ""Rebeccaton"", ""state"": ""WY"", ""zipcode"": ""37824""}"
USR-00029,Eric Moon,greenjason@example.com,8354572580,2026-05-10 13:03:02,TNT-0138,"{""street"": ""1808 Gates Prairie"", ""city"": ""Mosleyshire"", ""state"": ""VA"", ""zipcode"": ""45100""}"
USR-00030,Carolyn Johnson,jonesmichelle@example.net,9973451119,2026-05-06 01:03:02,TNT-0048,"{""street"": ""073 Woodard Knolls"", ""city"": ""Joneshaven"", ""state"": ""NE"", ""zipcode"": ""28383""}"
USR-00031,Rachel Barnes,ksanchez@example.org,9656581656,2026-05-31 17:03:02,TNT-0166,"{""street"": ""649 John Junctions Suite 968"", ""city"": ""Lopezmouth"", ""state"": ""LA"", ""zipcode"": ""28250""}"
USR-00032,Kaylee Bates,ydunn@example.com,9619813802,2026-05-22 19:03:02,TNT-0153,"{""street"": ""4253 Amber Island"", ""city"": ""East Austin"", ""state"": ""SC"", ""zipcode"": ""93564""}"
USR-00033,Michael Williams,adam36@example.com,7384864256,2026-05-10 10:03:02,TNT-0163,"{""street"": ""72265 Avery Summit Apt. 889"", ""city"": ""New Jamesfurt"", ""state"": ""IA"", ""zipcode"": ""01171""}"
USR-00034,Jason Kennedy,eross@example.com,6513151537,2026-05-22 23:03:02,TNT-0119,"{""street"": ""41466 Adam Springs Apt. 527"", ""city"": ""Jeremytown"", ""state"": ""NM"", ""zipcode"": ""56530""}"
USR-00035,Peter Anderson,catherinewinters@example.net,6692507732,2026-05-16 16:03:02,TNT-0054,"{""street"": ""149 Patterson Street Apt. 174"", ""city"": ""Markside"", ""state"": ""GA"", ""zipcode"": ""76979""}"
USR-00036,Robert Gallegos,esheppard@example.org,7059777988,2026-05-30 19:03:02,TNT-0139,"{""street"": ""181 Jennifer Curve Suite 334"", ""city"": ""West Jessica"", ""state"": ""NV"", ""zipcode"": ""45307""}"
USR-00037,Linda Davis,mhampton@example.com,9053143526,2026-05-17 21:03:02,TNT-0031,"{""street"": ""30245 Morgan Union Suite 811"", ""city"": ""Christophermouth"", ""state"": ""CO"", ""zipcode"": ""11859""}"
USR-00038,Jason Curry,earias@example.com,8499501115,2026-05-18 06:03:02,TNT-0041,"{""street"": ""67044 Jackson Expressway Apt. 746"", ""city"": ""Thomasview"", ""state"": ""MO"", ""zipcode"": ""08759""}"
USR-00039,Christina Nichols,christopher70@example.net,7900553503,2026-05-10 21:03:02,TNT-0176,"{""street"": ""26855 Wells Wells Apt. 515"", ""city"": ""Rodriguezton"", ""state"": ""NE"", ""zipcode"": ""01314""}"
USR-00040,Kevin Barnes,audreyrichardson@example.com,9628380301,2026-05-20 04:03:02,TNT-0042,"{""street"": ""79650 Tyler Lights"", ""city"": ""Michaelberg"", ""state"": ""WA"", ""zipcode"": ""64032""}"
USR-00041,Dr. Christopher Green,michellemoran@example.org,7813521845,2026-05-25 20:03:02,TNT-0123,"{""street"": ""812 Woodard Ville"", ""city"": ""Port Cheryl"", ""state"": ""SD"", ""zipcode"": ""50555""}"
USR-00042,Danny Baker,mrich@example.net,6467743291,2026-05-30 00:03:02,TNT-0098,"{""street"": ""36656 Frank Rest Apt. 328"", ""city"": ""Hunterstad"", ""state"": ""IA"", ""zipcode"": ""61447""}"
USR-00043,Clifford Cobb,jessicawebb@example.com,7609808634,2026-05-26 12:03:02,TNT-0001,"{""street"": ""2863 Hayley Views"", ""city"": ""Malikland"", ""state"": ""IA"", ""zipcode"": ""04391""}"
USR-00044,Kelly Wood,nicole36@example.org,9816488120,2026-05-31 22:03:02,TNT-0173,"{""street"": ""420 Burke Spur Apt. 985"", ""city"": ""North Brent"", ""state"": ""KY"", ""zipcode"": ""23274""}"
USR-00045,Evan Schmidt,hnguyen@example.com,6619872580,2026-06-01 14:03:02,TNT-0044,"{""street"": ""39834 Franklin Groves"", ""city"": ""Christineport"", ""state"": ""IA"", ""zipcode"": ""29034""}"
USR-00046,Jordan Salas,mhampton@example.net,7296985976,2026-05-28 02:03:02,TNT-0178,"{""street"": ""745 Heather Street"", ""city"": ""Lake Jonathanstad"", ""state"": ""AL"", ""zipcode"": ""43744""}"
USR-00047,Brandon Martin,travis09@example.com,9969857675,2026-05-20 06:03:02,TNT-0138,"{""street"": ""612 Katie Ramp Suite 655"", ""city"": ""South Christopherview"", ""state"": ""MS"", ""zipcode"": ""35596""}"
USR-00048,Ashley Lopez,brose@example.com,6535903712,2026-05-26 05:03:02,TNT-0046,"{""street"": ""1721 Courtney Mission Suite 910"", ""city"": ""Tinachester"", ""state"": ""TX"", ""zipcode"": ""87452""}"
USR-00049,Andre Garcia,ray75@example.com,6850542044,2026-05-13 01:03:02,TNT-0171,"{""street"": ""5273 Elizabeth Forks Apt. 828"", ""city"": ""Johnton"", ""state"": ""MT"", ""zipcode"": ""82543""}"
USR-00050,Daniel Stevens,davissarah@example.com,6387196966,2026-05-18 14:03:02,TNT-0151,"{""street"": ""500 Cooper Trafficway"", ""city"": ""Sarachester"", ""state"": ""WV"", ""zipcode"": ""10875""}"
USR-00051,Roger Wright,rweber@example.com,6121918089,2026-05-09 03:03:02,TNT-0011,"{""street"": ""1335 Esparza Rue Apt. 674"", ""city"": ""Brownfort"", ""state"": ""FM"", ""zipcode"": ""23482""}"
USR-00052,Kaitlyn Young,angeldaniels@example.com,7425299954,2026-05-29 23:03:02,TNT-0143,"{""street"": ""253 Norman Cape"", ""city"": ""Lopezmouth"", ""state"": ""ME"", ""zipcode"": ""55424""}"
USR-00053,Amy Harris,josealvarez@example.com,9481875006,2026-05-09 13:03:02,TNT-0016,"{""street"": ""3737 Smith Cove Suite 960"", ""city"": ""Paulton"", ""state"": ""WI"", ""zipcode"": ""64009""}"
USR-00054,Leslie Singleton,michaellewis@example.com,7675807218,2026-05-25 10:03:02,TNT-0122,"{""street"": ""36399 Katherine Lane Apt. 311"", ""city"": ""Fischerstad"", ""state"": ""VT"", ""zipcode"": ""35918""}"
USR-00055,George Williams,linda82@example.net,6459620832,2026-05-08 17:03:02,TNT-0114,"{""street"": ""701 Victoria Shores Apt. 926"", ""city"": ""Nicoleburgh"", ""state"": ""KY"", ""zipcode"": ""55968""}"
USR-00056,Debbie Obrien,wsmith@example.com,8112698197,2026-05-17 17:03:02,TNT-0027,"{""street"": ""3226 Denise Highway"", ""city"": ""Michaelton"", ""state"": ""SD"", ""zipcode"": ""03311""}"
USR-00057,Christine Wallace,hernandezjennifer@example.com,9429295131,2026-05-29 22:03:02,TNT-0199,"{""street"": ""0695 Tommy Freeway Apt. 793"", ""city"": ""Lake Leslieton"", ""state"": ""ME"", ""zipcode"": ""01506""}"
USR-00058,Rhonda Moreno,higginsjillian@example.net,9831014202,2026-06-02 15:03:02,TNT-0049,"{""street"": ""3722 Tyler Hollow Suite 837"", ""city"": ""Lake Brandifort"", ""state"": ""NE"", ""zipcode"": ""50532""}"
USR-00059,Mark Butler,johnking@example.net,8240688062,2026-05-15 22:03:02,TNT-0139,"{""street"": ""82280 Ruiz Squares"", ""city"": ""Georgeberg"", ""state"": ""VA"", ""zipcode"": ""06636""}"
USR-00060,Tamara Murillo,angelaenglish@example.net,8648602731,2026-05-23 14:03:02,TNT-0055,"{""street"": ""71769 Wallace Parkways"", ""city"": ""Byrdchester"", ""state"": ""NE"", ""zipcode"": ""27848""}"
USR-00061,Rachel Peterson,millerrobert@example.com,7890007398,2026-05-28 10:03:02,TNT-0122,"{""street"": ""66492 Seth Points Apt. 089"", ""city"": ""New Christineborough"", ""state"": ""MS"", ""zipcode"": ""79668""}"
USR-00062,Renee Ryan,hdominguez@example.com,9819865188,2026-06-04 06:03:02,TNT-0114,"{""street"": ""766 Karen Field"", ""city"": ""Sarahberg"", ""state"": ""FL"", ""zipcode"": ""56492""}"
USR-00063,Brian Rodriguez,ehill@example.com,9933425042,2026-05-19 16:03:02,TNT-0112,"{""street"": ""128 Margaret Camp Apt. 512"", ""city"": ""Paulmouth"", ""state"": ""ME"", ""zipcode"": ""40620""}"
USR-00064,Zachary Campbell,knightrebecca@example.com,6194171229,2026-06-04 12:03:02,TNT-0066,"{""street"": ""6322 Villa Lock"", ""city"": ""Washingtonfurt"", ""state"": ""WA"", ""zipcode"": ""44707""}"
USR-00065,Patrick Smith,ybarnett@example.net,8809070614,2026-06-05 13:03:02,TNT-0129,"{""street"": ""7667 Fox Ways Suite 904"", ""city"": ""Cochranville"", ""state"": ""LA"", ""zipcode"": ""20830""}"
USR-00066,Gregory Taylor,ywade@example.com,7656795558,2026-05-09 16:03:02,TNT-0132,"{""street"": ""9657 Wayne Ramp Apt. 948"", ""city"": ""West Robertville"", ""state"": ""CA"", ""zipcode"": ""53449""}"
USR-00067,Leslie Huber,michael88@example.com,9201464748,2026-05-30 09:03:02,TNT-0128,"{""street"": ""0310 Miller Walk"", ""city"": ""South Laceyhaven"", ""state"": ""FL"", ""zipcode"": ""84815""}"
USR-00068,Richard Palmer,hjones@example.net,8145626640,2026-05-14 17:03:02,TNT-0184,"{""street"": ""15627 Jessica Bypass Apt. 496"", ""city"": ""North Samuel"", ""state"": ""NY"", ""zipcode"": ""91714""}"
USR-00069,Ryan Buchanan,nicholas41@example.org,6064346549,2026-05-09 10:03:02,TNT-0192,"{""street"": ""9543 Christopher Lake"", ""city"": ""Grantfurt"", ""state"": ""WI"", ""zipcode"": ""68047""}"
USR-00070,Rachel Owens,courtneygrimes@example.com,8689205036,2026-05-06 12:03:02,TNT-0062,"{""street"": ""80886 Johnson Haven"", ""city"": ""South Jamesburgh"", ""state"": ""PA"", ""zipcode"": ""88382""}"
USR-00071,Kelly Simpson,brendafields@example.org,7872433806,2026-05-27 22:03:02,TNT-0191,"{""street"": ""364 Chen Wall Suite 872"", ""city"": ""South Carmen"", ""state"": ""SC"", ""zipcode"": ""28203""}"
USR-00072,Cindy Jones,tbrady@example.com,8686278798,2026-05-21 13:03:02,TNT-0071,"{""street"": ""96739 Richard Pass"", ""city"": ""Vargaschester"", ""state"": ""IL"", ""zipcode"": ""09194""}"
USR-00073,Sean Winters,careycynthia@example.com,8975122415,2026-05-23 02:03:02,TNT-0075,"{""street"": ""195 Smith Branch"", ""city"": ""Port Jennifer"", ""state"": ""ND"", ""zipcode"": ""36088""}"
USR-00074,Michael Murphy,scottteresa@example.net,9579155795,2026-05-27 22:03:02,TNT-0038,"{""street"": ""03146 Steven Mills Suite 708"", ""city"": ""Brittanyfort"", ""state"": ""NM"", ""zipcode"": ""05693""}"
USR-00075,Eric Wood,larry63@example.org,6264604310,2026-05-31 15:03:02,TNT-0157,"{""street"": ""943 Thomas Burgs Apt. 062"", ""city"": ""Lake Christopherview"", ""state"": ""HI"", ""zipcode"": ""29361""}"
USR-00076,Daniel Hughes,jordanmonroe@example.net,8475233400,2026-06-02 03:03:02,TNT-0132,"{""street"": ""24252 Jeanette Brooks"", ""city"": ""North Claudia"", ""state"": ""MN"", ""zipcode"": ""89763""}"
USR-00077,Melissa Duran,rjackson@example.org,9723292748,2026-05-29 10:03:02,TNT-0115,"{""street"": ""842 Danielle Springs"", ""city"": ""Bradburgh"", ""state"": ""WA"", ""zipcode"": ""59654""}"
USR-00078,Jamie Haynes,joelmoreno@example.com,7540940842,2026-05-11 14:03:02,TNT-0168,"{""street"": ""67279 Jared Pass Suite 405"", ""city"": ""South Ericaport"", ""state"": ""NY"", ""zipcode"": ""30428""}"
USR-00079,Gail Thompson,jennifergay@example.com,6476126642,2026-05-21 01:03:02,TNT-0198,"{""street"": ""52407 Velazquez Terrace"", ""city"": ""East Michaelstad"", ""state"": ""WY"", ""zipcode"": ""59819""}"
USR-00080,Jeremy Mayo,james72@example.org,9220993801,2026-05-14 03:03:02,TNT-0137,"{""street"": ""2299 Foster Lodge"", ""city"": ""Port Amy"", ""state"": ""AS"", ""zipcode"": ""66358""}"
USR-00081,Jennifer Horn,michellemills@example.com,6356872397,2026-05-13 10:03:02,TNT-0105,"{""street"": ""2362 Rachel Falls"", ""city"": ""Lake Eric"", ""state"": ""CT"", ""zipcode"": ""98609""}"
USR-00082,Brenda Hall,thomasblake@example.net,6863861876,2026-05-30 17:03:02,TNT-0151,"{""street"": ""59839 Samuel Land Apt. 675"", ""city"": ""Quinnstad"", ""state"": ""NY"", ""zipcode"": ""44196""}"
USR-00083,Lori Maldonado,deankelsey@example.org,7228337910,2026-05-10 16:03:02,TNT-0035,"{""street"": ""9711 Christopher Spurs Suite 721"", ""city"": ""Port Patrick"", ""state"": ""OK"", ""zipcode"": ""66762""}"
USR-00084,Joseph Harmon,bkennedy@example.net,9218760977,2026-05-06 16:03:02,TNT-0066,"{""street"": ""30836 Glover Rapids"", ""city"": ""Michaelmouth"", ""state"": ""FM"", ""zipcode"": ""63377""}"
USR-00085,Jacob Jones,chelseanewman@example.net,6516896139,2026-05-20 16:03:02,TNT-0057,"{""street"": ""1455 Strickland Valleys Suite 432"", ""city"": ""Ramirezview"", ""state"": ""VI"", ""zipcode"": ""37789""}"
USR-00086,Manuel Brown,rachel39@example.net,8935609402,2026-05-25 04:03:02,TNT-0048,"{""street"": ""935 Ellis Path"", ""city"": ""Brennanshire"", ""state"": ""ID"", ""zipcode"": ""09264""}"
USR-00087,Luis Henderson,mendozabryan@example.com,9788293052,2026-05-16 15:03:02,TNT-0031,"{""street"": ""4227 Mary Pass"", ""city"": ""Cisnerosburgh"", ""state"": ""CA"", ""zipcode"": ""52785""}"
USR-00088,Mr. Adam Lee,ltaylor@example.org,9828316097,2026-05-06 10:03:02,TNT-0010,"{""street"": ""295 Mills Hills"", ""city"": ""Hendersonburgh"", ""state"": ""GA"", ""zipcode"": ""44165""}"
USR-00089,Jason Howe,anthonymills@example.net,6672874544,2026-06-02 08:03:02,TNT-0025,"{""street"": ""7176 Heidi River Suite 035"", ""city"": ""North Phillipville"", ""state"": ""AZ"", ""zipcode"": ""49456""}"
USR-00090,Olivia Leon,nathanielskinner@example.org,6024080701,2026-05-27 00:03:02,TNT-0088,"{""street"": ""2695 Kaylee Ferry Apt. 596"", ""city"": ""Christopherbury"", ""state"": ""OK"", ""zipcode"": ""12465""}"
USR-00091,Patrick Conrad,tina93@example.com,7130844331,2026-05-12 13:03:02,TNT-0191,"{""street"": ""92985 Heather Flats Apt. 551"", ""city"": ""New Michelle"", ""state"": ""VA"", ""zipcode"": ""71752""}"
USR-00092,Cheryl Stephens,burtonrichard@example.org,6246132865,2026-05-29 01:03:02,TNT-0181,"{""street"": ""5437 Rowe Flats"", ""city"": ""East Deborahport"", ""state"": ""WY"", ""zipcode"": ""56366""}"
USR-00093,Laura Torres,zrobles@example.net,6899995349,2026-05-09 21:03:02,TNT-0127,"{""street"": ""45799 Desiree Meadows"", ""city"": ""Lake Fernando"", ""state"": ""CA"", ""zipcode"": ""06566""}"
USR-00094,Beverly Rodriguez,elizabetholson@example.org,6189463138,2026-05-31 08:03:02,TNT-0159,"{""street"": ""914 Roberson Freeway Suite 317"", ""city"": ""East Thomasberg"", ""state"": ""WA"", ""zipcode"": ""38472""}"
USR-00095,Natasha Stout,kayla48@example.com,8216063935,2026-05-16 05:03:02,TNT-0100,"{""street"": ""9780 Patrick Pass"", ""city"": ""Port Shellyshire"", ""state"": ""PA"", ""zipcode"": ""04787""}"
USR-00096,Gregory Cross,belljessica@example.com,9034664779,2026-05-16 08:03:02,TNT-0117,"{""street"": ""99569 Hunter Unions Suite 178"", ""city"": ""North Nicolestad"", ""state"": ""VT"", ""zipcode"": ""80105""}"
USR-00097,Mary Hill,jose84@example.com,7919778192,2026-05-19 00:03:02,TNT-0059,"{""street"": ""0550 Wright Unions"", ""city"": ""East Stephanieport"", ""state"": ""NM"", ""zipcode"": ""14283""}"
USR-00098,James Dickson,wilsonjennifer@example.net,9416710624,2026-05-09 08:03:02,TNT-0077,"{""street"": ""193 Jesus Squares"", ""city"": ""Phillipsshire"", ""state"": ""SD"", ""zipcode"": ""43693""}"
USR-00099,Seth Kirk,tracey79@example.com,8363293185,2026-06-02 06:03:02,TNT-0153,"{""street"": ""6573 Joseph Valleys"", ""city"": ""Jonathanburgh"", ""state"": ""GU"", ""zipcode"": ""56856""}"
USR-00100,Barbara Warren,qgallegos@example.org,8034587065,2026-06-02 21:03:02,TNT-0200,"{""street"": ""78482 Elizabeth Street Suite 867"", ""city"": ""Samanthaville"", ""state"": ""MI"", ""zipcode"": ""05217""}"
USR-00101,Teresa Butler,sturner@example.net,8417322062,2026-05-20 20:03:02,TNT-0012,"{""street"": ""38747 Wilson Branch Suite 930"", ""city"": ""East Paulfort"", ""state"": ""KS"", ""zipcode"": ""48088""}"
USR-00102,Jack Griffin,anthony87@example.org,6328583489,2026-05-13 19:03:02,TNT-0097,"{""street"": ""938 Stein Causeway"", ""city"": ""West Rogerburgh"", ""state"": ""DC"", ""zipcode"": ""89709""}"
USR-00103,John Bailey,wayne56@example.com,7521750154,2026-05-30 22:03:02,TNT-0005,"{""street"": ""264 Tina Circles Apt. 926"", ""city"": ""South Anthony"", ""state"": ""MO"", ""zipcode"": ""72888""}"
USR-00104,Jason Williams,anthonyromero@example.com,9195324331,2026-06-01 00:03:02,TNT-0168,"{""street"": ""159 Brittany Road"", ""city"": ""New Nathanport"", ""state"": ""AS"", ""zipcode"": ""88101""}"
USR-00105,Melissa Jones,juliarodriguez@example.org,6936079943,2026-06-01 23:03:02,TNT-0088,"{""street"": ""654 Smith Skyway Suite 067"", ""city"": ""Jasonmouth"", ""state"": ""WA"", ""zipcode"": ""04403""}"
USR-00106,Jason Hill,hernandezlawrence@example.net,9421034542,2026-05-16 15:03:02,TNT-0155,"{""street"": ""17000 Adam Vista"", ""city"": ""West Lacey"", ""state"": ""AZ"", ""zipcode"": ""53174""}"
USR-00107,Janet Simmons,katherinewright@example.org,8239992554,2026-05-15 14:03:02,TNT-0169,"{""street"": ""352 Jones Island Apt. 123"", ""city"": ""Grossmouth"", ""state"": ""MT"", ""zipcode"": ""56272""}"
USR-00108,James Wilkinson,tjones@example.com,8158106548,2026-05-29 00:03:02,TNT-0105,"{""street"": ""214 Edwards Vista Suite 802"", ""city"": ""Mclaughlinmouth"", ""state"": ""AR"", ""zipcode"": ""74374""}"
USR-00109,Kimberly Wilson,butlerjennifer@example.net,9468491055,2026-05-11 23:03:02,TNT-0014,"{""street"": ""89819 Annette Parkways"", ""city"": ""Woodchester"", ""state"": ""SC"", ""zipcode"": ""94317""}"
USR-00110,James Anderson,andrewpotter@example.net,6501542319,2026-05-30 09:03:02,TNT-0011,"{""street"": ""582 Tran Isle"", ""city"": ""Melissachester"", ""state"": ""UT"", ""zipcode"": ""02280""}"
USR-00111,Justin Stewart,jedwards@example.com,6525375824,2026-05-24 05:03:02,TNT-0140,"{""street"": ""84223 Parsons Plain Suite 079"", ""city"": ""Callahantown"", ""state"": ""CA"", ""zipcode"": ""66882""}"
USR-00112,Jeffrey Deleon,katherine77@example.com,6675801511,2026-05-10 01:03:02,TNT-0108,"{""street"": ""64540 Jill Spring"", ""city"": ""Jeremyfort"", ""state"": ""CA"", ""zipcode"": ""48706""}"
USR-00113,Raymond Walsh,lindsey14@example.com,6955084612,2026-05-19 17:03:02,TNT-0125,"{""street"": ""387 Peter Park Suite 985"", ""city"": ""Angelicaborough"", ""state"": ""NV"", ""zipcode"": ""09420""}"
USR-00114,Nicholas Miles,hornhayley@example.org,6135374605,2026-05-20 05:03:02,TNT-0063,"{""street"": ""8071 Gonzalez Throughway Apt. 175"", ""city"": ""Murrayshire"", ""state"": ""GU"", ""zipcode"": ""99652""}"
USR-00115,Shannon Wyatt,luisbrown@example.net,7414853086,2026-05-09 07:03:02,TNT-0096,"{""street"": ""6331 Morton Circles Suite 777"", ""city"": ""Nicholasview"", ""state"": ""NC"", ""zipcode"": ""44378""}"
USR-00116,Theresa Martin,nicolejones@example.net,8098213584,2026-05-09 18:03:02,TNT-0192,"{""street"": ""5742 Clark Trafficway Suite 094"", ""city"": ""Port Dennischester"", ""state"": ""MO"", ""zipcode"": ""15486""}"
USR-00117,Mrs. Kristi Lopez PhD,websterlisa@example.org,8749674341,2026-05-26 07:03:02,TNT-0075,"{""street"": ""24820 Tiffany Heights Apt. 615"", ""city"": ""New Jamie"", ""state"": ""NV"", ""zipcode"": ""89315""}"
USR-00118,Phillip Murray,john42@example.net,6666804228,2026-05-19 22:03:02,TNT-0001,"{""street"": ""871 Evans Drive Suite 860"", ""city"": ""Cynthiaberg"", ""state"": ""FM"", ""zipcode"": ""56794""}"
USR-00119,Stacy Carpenter,scott30@example.org,6698288013,2026-06-01 02:03:02,TNT-0077,"{""street"": ""7712 Clay Ramp Apt. 126"", ""city"": ""North Eileen"", ""state"": ""PR"", ""zipcode"": ""21656""}"
USR-00120,Donald Haas,evan15@example.org,7546551459,2026-05-23 12:03:02,TNT-0189,"{""street"": ""5914 Raymond Canyon Apt. 599"", ""city"": ""South Craigmouth"", ""state"": ""VA"", ""zipcode"": ""69875""}"
USR-00121,Scott Moore,mitchellandre@example.net,8771163506,2026-05-07 12:03:02,TNT-0052,"{""street"": ""9793 Eric Common"", ""city"": ""Westton"", ""state"": ""KS"", ""zipcode"": ""98431""}"
USR-00122,Martha Nelson,jonesleslie@example.com,8633949572,2026-05-28 06:03:02,TNT-0115,"{""street"": ""44245 Brown Land Apt. 054"", ""city"": ""South Scott"", ""state"": ""OH"", ""zipcode"": ""22500""}"
USR-00123,Karen Burnett,joseph80@example.org,9787403243,2026-05-06 05:03:02,TNT-0081,"{""street"": ""485 Bridges Key"", ""city"": ""East David"", ""state"": ""ID"", ""zipcode"": ""21066""}"
USR-00124,Mark Daniels,michael20@example.net,8830639688,2026-05-08 14:03:02,TNT-0025,"{""street"": ""7563 Bowman Field Apt. 379"", ""city"": ""Erinland"", ""state"": ""FM"", ""zipcode"": ""03905""}"
USR-00125,Pam Richardson,mariajackson@example.com,6730052875,2026-05-09 10:03:02,TNT-0017,"{""street"": ""1330 Lowery Row"", ""city"": ""West Kaitlyntown"", ""state"": ""OH"", ""zipcode"": ""95858""}"
USR-00126,Laurie Vincent,jefferydavis@example.net,6417735107,2026-06-04 13:03:02,TNT-0133,"{""street"": ""3938 Adams Estates Suite 281"", ""city"": ""New Ashleyshire"", ""state"": ""MO"", ""zipcode"": ""85778""}"
USR-00127,Matthew Taylor,alopez@example.org,8447327974,2026-05-12 22:03:02,TNT-0014,"{""street"": ""4277 Joseph Row"", ""city"": ""Doylemouth"", ""state"": ""AL"", ""zipcode"": ""12775""}"
USR-00128,Erin Hughes,ybeasley@example.com,8302064624,2026-05-14 02:03:02,TNT-0105,"{""street"": ""105 Mario Rest"", ""city"": ""North April"", ""state"": ""GU"", ""zipcode"": ""73832""}"
USR-00129,Donna Rivera,lisa80@example.net,9386250285,2026-05-13 13:03:02,TNT-0008,"{""street"": ""04136 Kelly Mission"", ""city"": ""New Patricia"", ""state"": ""NM"", ""zipcode"": ""06949""}"
USR-00130,Christopher Vaughn,kiara81@example.net,7924729186,2026-06-04 11:03:02,TNT-0070,"{""street"": ""00012 Escobar Creek"", ""city"": ""South Richardborough"", ""state"": ""IN"", ""zipcode"": ""78948""}"
USR-00131,Carlos Kelly,zhood@example.com,7132510275,2026-06-01 19:03:02,TNT-0089,"{""street"": ""451 Ruth Plaza Suite 417"", ""city"": ""Whitneyland"", ""state"": ""WA"", ""zipcode"": ""51316""}"
USR-00132,Brandon Romero,plowe@example.net,7695238383,2026-05-07 11:03:02,TNT-0124,"{""street"": ""190 Davis Lake Apt. 869"", ""city"": ""Ruizland"", ""state"": ""FL"", ""zipcode"": ""06079""}"
USR-00133,Katrina Roth,jrivers@example.com,8532016000,2026-05-31 06:03:02,TNT-0032,"{""street"": ""20700 Coleman Parkways"", ""city"": ""South Deborahton"", ""state"": ""OH"", ""zipcode"": ""83246""}"
USR-00134,Jennifer Brooks,igrimes@example.net,8328823828,2026-05-28 08:03:02,TNT-0138,"{""street"": ""586 Christopher Extension Suite 695"", ""city"": ""Lake Kristie"", ""state"": ""NH"", ""zipcode"": ""14608""}"
USR-00135,Jennifer Carey,dfoster@example.com,8295885418,2026-05-09 00:03:02,TNT-0166,"{""street"": ""552 Joseph Vista Apt. 879"", ""city"": ""Watsonchester"", ""state"": ""HI"", ""zipcode"": ""87057""}"
USR-00136,Erin Garner,zkhan@example.com,8025227775,2026-06-02 05:03:02,TNT-0036,"{""street"": ""65199 Warren Heights"", ""city"": ""South Erica"", ""state"": ""MP"", ""zipcode"": ""95735""}"
USR-00137,Ronnie Lowe,patricia36@example.net,7331220657,2026-05-14 12:03:02,TNT-0055,"{""street"": ""79756 Anna Spring"", ""city"": ""Laurachester"", ""state"": ""ME"", ""zipcode"": ""47685""}"
USR-00138,John Christian,erichardson@example.org,7507754916,2026-05-21 11:03:02,TNT-0181,"{""street"": ""620 Miller Locks Apt. 419"", ""city"": ""Maryburgh"", ""state"": ""DC"", ""zipcode"": ""83874""}"
USR-00139,Abigail Avery,jeremy51@example.com,9527305983,2026-05-11 07:03:02,TNT-0194,"{""street"": ""913 Michael Prairie"", ""city"": ""Jenniferfurt"", ""state"": ""CO"", ""zipcode"": ""12930""}"
USR-00140,Ronnie Mcgee,odommelanie@example.org,7484982633,2026-05-15 20:03:02,TNT-0144,"{""street"": ""425 Brandi Mountains"", ""city"": ""Tranberg"", ""state"": ""WI"", ""zipcode"": ""79913""}"
USR-00141,Lauren Chavez,michellepearson@example.org,9536693286,2026-05-08 15:03:02,TNT-0075,"{""street"": ""191 Arnold Extension Apt. 173"", ""city"": ""New Bradley"", ""state"": ""RI"", ""zipcode"": ""85215""}"
USR-00142,Kenneth Garcia,jeremiahparker@example.com,6069443760,2026-06-03 14:03:02,TNT-0103,"{""street"": ""73062 Stevens Unions"", ""city"": ""Jamesfort"", ""state"": ""MH"", ""zipcode"": ""93419""}"
USR-00143,Susan Gutierrez,karenmorgan@example.net,9572135593,2026-05-08 07:03:02,TNT-0074,"{""street"": ""0210 Michael Brooks Suite 993"", ""city"": ""North Garrettbury"", ""state"": ""AL"", ""zipcode"": ""66676""}"
USR-00144,Geoffrey Diaz,shawnjones@example.org,9468329965,2026-06-04 16:03:02,TNT-0009,"{""street"": ""90009 Martinez Village"", ""city"": ""Elizabethland"", ""state"": ""GA"", ""zipcode"": ""59624""}"
USR-00145,Kevin Berry,tashahess@example.com,8254887703,2026-05-15 02:03:02,TNT-0176,"{""street"": ""54499 Grant Pines"", ""city"": ""South Paul"", ""state"": ""PR"", ""zipcode"": ""35086""}"
USR-00146,Kimberly Stafford,john22@example.org,7596888734,2026-05-27 04:03:02,TNT-0038,"{""street"": ""4451 Dennis Mountains Suite 545"", ""city"": ""Virginiahaven"", ""state"": ""ME"", ""zipcode"": ""14452""}"
USR-00147,April Ramirez,zavalakayla@example.net,7655720863,2026-06-04 21:03:02,TNT-0183,"{""street"": ""32494 Emily Spur Apt. 527"", ""city"": ""Monicashire"", ""state"": ""WY"", ""zipcode"": ""82838""}"
USR-00148,Marilyn Burke,ojones@example.net,8682307023,2026-05-31 02:03:02,TNT-0194,"{""street"": ""81860 Charlotte Squares"", ""city"": ""East Erikshire"", ""state"": ""VI"", ""zipcode"": ""43595""}"
USR-00149,Tara Hill,ljarvis@example.org,8084770641,2026-05-18 00:03:02,TNT-0195,"{""street"": ""85398 Jacob Falls"", ""city"": ""South Tiffany"", ""state"": ""VI"", ""zipcode"": ""77889""}"
USR-00150,Alicia White,qduran@example.net,8290329500,2026-05-22 23:03:02,TNT-0040,"{""street"": ""462 Lisa Pass Suite 378"", ""city"": ""Brownside"", ""state"": ""TN"", ""zipcode"": ""14895""}"
USR-00151,Hunter Foley,mbonilla@example.net,9574119102,2026-05-14 03:03:02,TNT-0173,"{""street"": ""1207 Amanda Roads Suite 280"", ""city"": ""Christophermouth"", ""state"": ""TN"", ""zipcode"": ""70612""}"
USR-00152,George Sweeney,jeffrey28@example.net,8672169426,2026-05-09 00:03:02,TNT-0062,"{""street"": ""63664 Hubbard Lodge Apt. 066"", ""city"": ""East Michelle"", ""state"": ""NJ"", ""zipcode"": ""03932""}"
USR-00153,Craig Gordon,diazdavid@example.com,6972146741,2026-05-29 16:03:02,TNT-0186,"{""street"": ""2919 Jason Street"", ""city"": ""Lake Steventown"", ""state"": ""GA"", ""zipcode"": ""03324""}"
USR-00154,Derek Maldonado,cameronfischer@example.com,9713414207,2026-05-08 03:03:02,TNT-0077,"{""street"": ""52655 Jennifer Plaza Suite 352"", ""city"": ""Port Melissa"", ""state"": ""FL"", ""zipcode"": ""22665""}"
USR-00155,Jennifer Friedman,jason15@example.net,8039043971,2026-05-20 19:03:02,TNT-0079,"{""street"": ""248 Sara Plain"", ""city"": ""Griffithchester"", ""state"": ""NY"", ""zipcode"": ""11414""}"
USR-00156,Denise Hale,johnsonsarah@example.com,7667559846,2026-05-15 13:03:02,TNT-0116,"{""street"": ""065 Juarez Forges Suite 594"", ""city"": ""Hernandeztown"", ""state"": ""PR"", ""zipcode"": ""35514""}"
USR-00157,Denise Schultz,jacquelineclark@example.com,8468570547,2026-06-03 04:03:02,TNT-0079,"{""street"": ""904 Thompson Club Apt. 064"", ""city"": ""Kennedytown"", ""state"": ""IN"", ""zipcode"": ""32258""}"
USR-00158,Mrs. Kimberly Whitney,ecampbell@example.net,8495471524,2026-06-04 15:03:02,TNT-0011,"{""street"": ""496 Patterson Common Suite 962"", ""city"": ""Travisville"", ""state"": ""IN"", ""zipcode"": ""59188""}"
USR-00159,Robert Scott,andreaschmitt@example.com,7108418425,2026-05-16 12:03:02,TNT-0096,"{""street"": ""036 Christine Village Suite 559"", ""city"": ""Tannerhaven"", ""state"": ""MI"", ""zipcode"": ""44130""}"
USR-00160,Deanna Rodriguez,wjones@example.com,8960594255,2026-05-20 02:03:02,TNT-0084,"{""street"": ""65182 Orozco Light Apt. 137"", ""city"": ""Davidfort"", ""state"": ""GA"", ""zipcode"": ""05617""}"
USR-00161,Amy Walker,kbryant@example.org,8114594950,2026-05-19 13:03:02,TNT-0090,"{""street"": ""2309 Jose Ford Suite 560"", ""city"": ""West Lisaview"", ""state"": ""MT"", ""zipcode"": ""85082""}"
USR-00162,Daniel Stephenson,lvance@example.net,8698245769,2026-05-31 02:03:02,TNT-0117,"{""street"": ""3514 Sanchez Port Suite 166"", ""city"": ""West Kathy"", ""state"": ""CT"", ""zipcode"": ""34957""}"
USR-00163,Julie Page,oliviafloyd@example.org,8457532102,2026-05-06 04:03:02,TNT-0051,"{""street"": ""613 Sharon Mountain Suite 310"", ""city"": ""North Christina"", ""state"": ""OH"", ""zipcode"": ""49007""}"
USR-00164,Justin Mercer,phamdennis@example.org,9676429676,2026-05-18 11:03:02,TNT-0107,"{""street"": ""92132 Hunter Circle Suite 418"", ""city"": ""Timothyport"", ""state"": ""RI"", ""zipcode"": ""54498""}"
USR-00165,Kim Castaneda,simmonsdillon@example.org,8467669775,2026-05-19 13:03:02,TNT-0094,"{""street"": ""9458 Ware Knolls"", ""city"": ""Browningville"", ""state"": ""IN"", ""zipcode"": ""62404""}"
USR-00166,Samuel Cooper,floresbryan@example.net,6758457224,2026-05-13 21:03:02,TNT-0060,"{""street"": ""570 Walsh Valleys Apt. 637"", ""city"": ""New Anna"", ""state"": ""IN"", ""zipcode"": ""98925""}"
USR-00167,Jordan Beard,david43@example.com,8232449350,2026-05-20 06:03:02,TNT-0177,"{""street"": ""74320 Martin Knolls Suite 571"", ""city"": ""Lake Stephenburgh"", ""state"": ""IL"", ""zipcode"": ""57339""}"
USR-00168,Jacob Brooks,alexandriamoore@example.org,6952925525,2026-06-01 17:03:02,TNT-0195,"{""street"": ""576 Young Fords"", ""city"": ""Carrieberg"", ""state"": ""FM"", ""zipcode"": ""02984""}"
USR-00169,Heather Davis,tommy20@example.net,8158366589,2026-05-05 23:03:02,TNT-0006,"{""street"": ""50292 Rachel Forks Suite 815"", ""city"": ""Brooksville"", ""state"": ""IL"", ""zipcode"": ""76800""}"
USR-00170,Mark Rios,amandascott@example.org,9439538987,2026-05-27 16:03:02,TNT-0081,"{""street"": ""458 Levy Ports Apt. 600"", ""city"": ""Patriciaview"", ""state"": ""MD"", ""zipcode"": ""38651""}"
USR-00171,Heather Petersen,brandonvillarreal@example.net,7353735232,2026-05-10 06:03:02,TNT-0053,"{""street"": ""7749 Ronald Streets Apt. 285"", ""city"": ""Port Carolview"", ""state"": ""MT"", ""zipcode"": ""46490""}"
USR-00172,Cassidy Reed,beth95@example.org,9261418248,2026-05-10 21:03:02,TNT-0196,"{""street"": ""2028 Sherry Falls Apt. 914"", ""city"": ""North Alexander"", ""state"": ""CA"", ""zipcode"": ""21775""}"
USR-00173,Danielle Dixon,zhangmonica@example.net,6431065479,2026-06-01 19:03:02,TNT-0046,"{""street"": ""58477 Rodriguez Drive Suite 860"", ""city"": ""Port Mark"", ""state"": ""IL"", ""zipcode"": ""25827""}"
USR-00174,David Lambert,haroldobrien@example.net,7253023896,2026-05-14 18:03:02,TNT-0098,"{""street"": ""326 Keith Roads Apt. 061"", ""city"": ""Nelsonport"", ""state"": ""VA"", ""zipcode"": ""19507""}"
USR-00175,Matthew Thompson,jamie25@example.com,8939698178,2026-05-28 09:03:02,TNT-0115,"{""street"": ""0040 Fuller Ways Apt. 572"", ""city"": ""Jessicastad"", ""state"": ""ND"", ""zipcode"": ""00832""}"
USR-00176,Ryan Arnold,davistonya@example.net,7160888819,2026-05-23 04:03:02,TNT-0137,"{""street"": ""362 Patty Points"", ""city"": ""Lake David"", ""state"": ""MP"", ""zipcode"": ""10480""}"
USR-00177,Scott Christensen,nancylopez@example.net,9517183066,2026-05-15 12:03:02,TNT-0032,"{""street"": ""726 Christopher Ridges"", ""city"": ""South Brian"", ""state"": ""NH"", ""zipcode"": ""20109""}"
USR-00178,Cathy Alvarado,marvin17@example.net,7085063585,2026-05-15 20:03:02,TNT-0144,"{""street"": ""4288 Colin Lakes Apt. 903"", ""city"": ""Lake Johnview"", ""state"": ""NH"", ""zipcode"": ""19494""}"
USR-00179,Stephanie Eaton,sierra79@example.org,8681313482,2026-05-22 20:03:02,TNT-0173,"{""street"": ""798 Torres Oval Suite 623"", ""city"": ""North Courtneyhaven"", ""state"": ""WA"", ""zipcode"": ""90927""}"
USR-00180,Cody Graham,joshuablackwell@example.net,9372287048,2026-05-21 21:03:02,TNT-0077,"{""street"": ""604 Parker Lodge"", ""city"": ""Port Michelleton"", ""state"": ""DE"", ""zipcode"": ""44029""}"
USR-00181,Kenneth Gallagher,heather15@example.org,6028041621,2026-05-24 18:03:02,TNT-0140,"{""street"": ""84790 Steven Via"", ""city"": ""Josephmouth"", ""state"": ""DE"", ""zipcode"": ""15125""}"
USR-00182,Thomas Hogan,sabrinalee@example.net,6981899748,2026-06-02 05:03:02,TNT-0161,"{""street"": ""045 Phillips Lane"", ""city"": ""Andersonberg"", ""state"": ""MH"", ""zipcode"": ""57461""}"
USR-00183,Courtney Thomas,cooperchristopher@example.com,7910098020,2026-05-22 21:03:02,TNT-0108,"{""street"": ""804 Michael Green Suite 381"", ""city"": ""Port John"", ""state"": ""WV"", ""zipcode"": ""92620""}"
USR-00184,Ms. Pamela Lee,victoria07@example.com,7362576365,2026-05-28 14:03:02,TNT-0184,"{""street"": ""18615 Kim Circle Apt. 939"", ""city"": ""Carolton"", ""state"": ""GU"", ""zipcode"": ""72255""}"
USR-00185,Mr. Brian Wells,aprilpadilla@example.com,9538925767,2026-05-15 00:03:02,TNT-0117,"{""street"": ""7407 Nicole Throughway Apt. 632"", ""city"": ""Taylorfort"", ""state"": ""NM"", ""zipcode"": ""24583""}"
USR-00186,Brittney Rose,robert47@example.net,6306910275,2026-05-14 22:03:02,TNT-0060,"{""street"": ""0450 Jack Prairie"", ""city"": ""Robertmouth"", ""state"": ""SD"", ""zipcode"": ""67709""}"
USR-00187,Aaron Ramirez,brendalawrence@example.net,7150666069,2026-05-20 20:03:02,TNT-0177,"{""street"": ""328 Janice Shoal Suite 890"", ""city"": ""Kathleenside"", ""state"": ""PA"", ""zipcode"": ""44840""}"
USR-00188,Taylor Salinas,kmiller@example.org,9973885107,2026-05-06 14:03:02,TNT-0192,"{""street"": ""278 Edwards Loaf Apt. 444"", ""city"": ""Shirleyton"", ""state"": ""AS"", ""zipcode"": ""35198""}"
USR-00189,Lisa Jackson,xgarcia@example.org,9387476694,2026-05-10 02:03:02,TNT-0140,"{""street"": ""3976 Grant Island"", ""city"": ""North Nicholasstad"", ""state"": ""FM"", ""zipcode"": ""95259""}"
USR-00190,Lisa Thomas,david74@example.com,9307561746,2026-06-02 00:03:02,TNT-0001,"{""street"": ""72992 Bond Plaza Suite 655"", ""city"": ""Port Kristen"", ""state"": ""CO"", ""zipcode"": ""30943""}"
USR-00191,Mrs. Rhonda Green,crystal75@example.net,9856847700,2026-05-17 12:03:02,TNT-0155,"{""street"": ""9569 Schmidt Plain"", ""city"": ""Richardchester"", ""state"": ""ND"", ""zipcode"": ""93199""}"
USR-00192,Kylie Johnson,krush@example.org,9539035806,2026-05-09 23:03:02,TNT-0097,"{""street"": ""3875 Lisa Courts Apt. 149"", ""city"": ""East Ryan"", ""state"": ""IA"", ""zipcode"": ""12336""}"
USR-00193,Jeffrey Smith,thomas69@example.com,6966268025,2026-05-23 02:03:02,TNT-0057,"{""street"": ""9002 Nguyen Canyon"", ""city"": ""Crawfordfort"", ""state"": ""NM"", ""zipcode"": ""97874""}"
USR-00194,David Anderson,gregoryromero@example.com,7343977830,2026-05-19 05:03:02,TNT-0050,"{""street"": ""461 Dominguez Canyon Apt. 105"", ""city"": ""Millerport"", ""state"": ""AK"", ""zipcode"": ""59919""}"
USR-00195,Austin Ruiz,nburke@example.net,8089370689,2026-06-02 06:03:02,TNT-0055,"{""street"": ""347 Brooke Lakes"", ""city"": ""Melissamouth"", ""state"": ""CO"", ""zipcode"": ""76317""}"
USR-00196,Andrew Hall,jasonhaney@example.net,6833726950,2026-06-03 12:03:02,TNT-0192,"{""street"": ""317 Deborah Skyway"", ""city"": ""West Jennifer"", ""state"": ""WI"", ""zipcode"": ""67171""}"
USR-00197,Heidi Giles,tyler24@example.net,8332723977,2026-05-31 12:03:02,TNT-0078,"{""street"": ""8642 Garcia Street Suite 494"", ""city"": ""East Brian"", ""state"": ""VI"", ""zipcode"": ""09686""}"
USR-00198,Ian Mills,jporter@example.com,6170077011,2026-05-22 05:03:02,TNT-0071,"{""street"": ""159 Watkins Crest Suite 944"", ""city"": ""North Haleyhaven"", ""state"": ""AL"", ""zipcode"": ""63965""}"
USR-00199,Claudia Shaw,figueroaeric@example.net,9646944537,2026-05-23 10:03:02,TNT-0166,"{""street"": ""482 Jennifer Estate Suite 051"", ""city"": ""Stoutberg"", ""state"": ""WA"", ""zipcode"": ""92777""}"
USR-00200,Jill Long,simstrevor@example.net,8726638628,2026-05-16 09:03:02,TNT-0071,"{""street"": ""88346 Johnson Valleys"", ""city"": ""Rhondatown"", ""state"": ""FL"", ""zipcode"": ""40393""}"
